Rk,Wk,Date,Time,Day,Winner,Pts,,Loser,Pts,Notes
1,1,Aug 27 2022,7:00 PM,Sat,Florida Atlantic,43,,Charlotte,13,
2,1,Aug 27 2022,5:00 PM,Sat,Florida State,47,,Duquesne,7,
3,1,Aug 27 2022,4:00 PM,Sat,Illinois,38,,Wyoming,6,
4,1,Aug 27 2022,10:00 PM,Sat,Nevada,23,@,New Mexico State,12,
5,1,Aug 27 2022,3:30 PM,Sat,Nevada-Las Vegas,52,,Idaho State,21,
6,1,Aug 27 2022,8:00 PM,Sat,North Carolina,56,,Florida A&M,24,
7,1,Aug 27 2022,9:00 PM,Sat,North Texas,31,@,Texas-El Paso,13,
8,1,Aug 27 2022,12:30 PM,Sat,Northwestern,31,N,Nebraska,28,
9,1,Aug 27 2022,4:00 PM,Sat,Utah State,31,,Connecticut,20,
10,1,Aug 27 2022,10:30 PM,Sat,Vanderbilt,63,@,Hawaii,10,
11,1,Aug 27 2022,12:00 PM,Sat,Western Kentucky,38,,Austin Peay,27,
12,2,Sep 1 2022,6:00 PM,Thu,Akron,30,,St. Francis (PA),23,
13,2,Sep 1 2022,8:00 PM,Thu,Alabama-Birmingham,59,,Alabama A&M,0,
14,2,Sep 1 2022,10:00 PM,Thu,Arizona State,40,,Northern Arizona,3,
15,2,Sep 1 2022,7:00 PM,Thu,Central Florida,56,,South Carolina State,10,
16,2,Sep 1 2022,7:00 PM,Thu,Florida International,38,,Bryant,37,
17,2,Sep 1 2022,10:30 PM,Thu,Fresno State,35,,Cal Poly,7,
18,2,Sep 1 2022,9:00 PM,Thu,Minnesota,38,,New Mexico State,0,
19,2,Sep 1 2022,8:00 PM,Thu,Missouri,52,,Louisiana Tech,24,
20,2,Sep 1 2022,8:00 PM,Thu,Northern Illinois,34,,Eastern Illinois,27,
21,2,Sep 1 2022,7:00 PM,Thu,(12) Oklahoma State,58,,Central Michigan,44,
22,2,Sep 1 2022,8:00 PM,Thu,Penn State,35,@,Purdue,31,
23,2,Sep 1 2022,7:00 PM,Thu,(17) Pittsburgh,38,,West Virginia,31,
24,2,Sep 1 2022,10:30 PM,Thu,San Jose State,21,,Portland State,17,
25,2,Sep 1 2022,7:00 PM,Thu,Tennessee,59,,Ball State,10,
26,2,Sep 1 2022,7:00 PM,Thu,Toledo,37,,Long Island,0,
27,2,Sep 1 2022,7:30 PM,Thu,(22) Wake Forest,44,,Virginia Military Institute,10,
28,2,Sep 2 2022,7:30 PM,Fri,Duke,30,,Temple,0,
29,2,Sep 2 2022,7:00 PM,Fri,Eastern Michigan,42,,Eastern Kentucky,34,
30,2,Sep 2 2022,8:00 PM,Fri,Indiana,23,,Illinois,20,
31,2,Sep 2 2022,8:00 PM,Fri,Kansas,56,,Tennessee Tech,10,
32,2,Sep 2 2022,7:00 PM,Fri,(15) Michigan State,35,,Western Michigan,13,
33,2,Sep 2 2022,7:00 PM,Fri,Old Dominion,20,,Virginia Tech,17,
34,2,Sep 2 2022,10:00 PM,Fri,Texas Christian,38,@,Colorado,13,
35,2,Sep 2 2022,7:00 PM,Fri,William & Mary,41,@,Charlotte,24,
36,2,Sep 3 2022,1:00 PM,Sat,Air Force,48,,Northern Iowa,17,
37,2,Sep 3 2022,7:30 PM,Sat,(1) Alabama,55,,Utah State,0,
38,2,Sep 3 2022,3:30 PM,Sat,Arizona,38,@,San Diego State,20,
39,2,Sep 3 2022,3:30 PM,Sat,(19) Arkansas,31,,(23) Cincinnati,24,
40,2,Sep 3 2022,7:00 PM,Sat,Arkansas State,58,,Grambling State,3,
41,2,Sep 3 2022,7:00 PM,Sat,Auburn,42,,Mercer,16,
42,2,Sep 3 2022,7:00 PM,Sat,(10) Baylor,69,,Albany,10,
43,2,Sep 3 2022,4:00 PM,Sat,(25) Brigham Young,50,@,South Florida,21,
44,2,Sep 3 2022,4:00 PM,Sat,California,34,,California-Davis,13,
45,2,Sep 3 2022,7:00 PM,Sat,Coastal Carolina,38,,Army,28,
46,2,Sep 3 2022,12:00 PM,Sat,Connecticut,28,,Central Connecticut State,3,
47,2,Sep 3 2022,12:00 PM,Sat,Delaware,14,@,Navy,7,
48,2,Sep 3 2022,7:00 PM,Sat,Florida,29,,(7) Utah,26,
49,2,Sep 3 2022,3:30 PM,Sat,(3) Georgia,49,N,(11) Oregon,3,
50,2,Sep 3 2022,6:00 PM,Sat,Georgia Southern,59,,Morgan State,7,
51,2,Sep 3 2022,3:30 PM,Sat,(24) Houston,37,@,Texas-San Antonio,35,
52,2,Sep 3 2022,12:00 PM,Sat,Iowa,7,,South Dakota State,3,
53,2,Sep 3 2022,2:00 PM,Sat,Iowa State,42,,Southeast Missouri State,10,
54,2,Sep 3 2022,6:00 PM,Sat,James Madison,44,,Middle Tennessee State,7,
55,2,Sep 3 2022,7:00 PM,Sat,Kansas State,34,,South Dakota,0,
56,2,Sep 3 2022,7:00 PM,Sat,(20) Kentucky,37,,Miami (OH),13,
57,2,Sep 3 2022,7:00 PM,Sat,Liberty,29,@,Southern Mississippi,27,
58,2,Sep 3 2022,7:00 PM,Sat,Louisiana,24,,Southeastern Louisiana,7,
59,2,Sep 3 2022,3:30 PM,Sat,Marshall,55,,Norfolk State,3,
60,2,Sep 3 2022,12:00 PM,Sat,Maryland,31,,Buffalo,10,
61,2,Sep 3 2022,3:30 PM,Sat,(16) Miami (FL),70,,Bethune-Cookman,13,
62,2,Sep 3 2022,12:00 PM,Sat,(8) Michigan,51,,Colorado State,7,
63,2,Sep 3 2022,4:00 PM,Sat,(21) Mississippi,28,,Troy,10,
64,2,Sep 3 2022,7:30 PM,Sat,Mississippi State,49,,Memphis,23,
65,2,Sep 3 2022,3:30 PM,Sat,Nebraska,38,,North Dakota,17,
66,2,Sep 3 2022,5:30 PM,Sat,Nevada,38,,Texas State,14,
67,2,Sep 3 2022,8:00 PM,Sat,New Mexico,41,,Maine,0,
68,2,Sep 3 2022,12:00 PM,Sat,North Carolina,63,@,Appalachian State,61,
69,2,Sep 3 2022,12:00 PM,Sat,(13) North Carolina State,21,@,East Carolina,20,
70,2,Sep 3 2022,6:00 PM,Sat,Ohio,41,,Florida Atlantic,38,
71,2,Sep 3 2022,7:30 PM,Sat,(2) Ohio State,21,,(5) Notre Dame,10,
72,2,Sep 3 2022,3:30 PM,Sat,(9) Oklahoma,45,,Texas-El Paso,13,
73,2,Sep 3 2022,10:30 PM,Sat,Oregon State,34,,Boise State,17,
74,2,Sep 3 2022,12:00 PM,Sat,Rutgers,22,@,Boston College,21,
75,2,Sep 3 2022,5:00 PM,Sat,South Alabama,48,,Nicholls State,7,
76,2,Sep 3 2022,7:30 PM,Sat,South Carolina,35,,Georgia State,14,
77,2,Sep 3 2022,6:00 PM,Sat,(14) Southern California,66,,Rice,14,
78,2,Sep 3 2022,7:30 PM,Sat,Southern Methodist,48,@,North Texas,10,
79,2,Sep 3 2022,8:00 PM,Sat,Stanford,41,,Colgate,10,
80,2,Sep 3 2022,8:00 PM,Sat,Syracuse,31,,Louisville,7,
81,2,Sep 3 2022,8:00 PM,Sat,Texas,52,,Louisiana-Monroe,10,
82,2,Sep 3 2022,12:00 PM,Sat,(6) Texas A&M,31,,Sam Houston State,0,
83,2,Sep 3 2022,8:00 PM,Sat,Texas Tech,63,,Murray State,10,
84,2,Sep 3 2022,7:00 PM,Sat,Tulane,42,,Massachusetts,10,
85,2,Sep 3 2022,2:30 PM,Sat,UCLA,45,,Bowling Green,17,
86,2,Sep 3 2022,7:00 PM,Sat,Vanderbilt,42,,Elon,31,
87,2,Sep 3 2022,12:30 PM,Sat,Virginia,34,,Richmond,17,
88,2,Sep 3 2022,10:30 PM,Sat,Washington,45,,Kent State,20,
89,2,Sep 3 2022,9:30 PM,Sat,Washington State,24,,Idaho,17,
90,2,Sep 3 2022,7:00 PM,Sat,(18) Wisconsin,38,,Illinois State,0,
91,2,Sep 3 2022,3:30 PM,Sat,Wyoming,40,,Tulsa,37,
92,2,Sep 4 2022,7:30 PM,Sun,Florida State,24,N,Louisiana State,23,
93,2,Sep 4 2022,12:00 AM,Sun,Western Kentucky,49,@,Hawaii,17,
94,2,Sep 5 2022,8:00 PM,Mon,(4) Clemson,41,@,Georgia Tech,10,
95,3,Sep 9 2022,9:00 PM,Fri,Boise State,31,@,New Mexico,14,
96,3,Sep 9 2022,7:30 PM,Fri,Louisville,20,@,Central Florida,14,
97,3,Sep 10 2022,3:30 PM,Sat,Air Force,41,,Colorado,10,
98,3,Sep 10 2022,12:00 PM,Sat,(1) Alabama,20,@,Texas,19,
99,3,Sep 10 2022,3:30 PM,Sat,Appalachian State,17,@,(6) Texas A&M,14,
100,3,Sep 10 2022,12:00 PM,Sat,(16) Arkansas,44,,South Carolina,30,
101,3,Sep 10 2022,7:30 PM,Sat,Auburn,24,,San Jose State,16,
102,3,Sep 10 2022,10:15 PM,Sat,(21) Brigham Young,26,,(9) Baylor,20,
103,3,Sep 10 2022,4:00 PM,Sat,California,20,,Nevada-Las Vegas,14,
104,3,Sep 10 2022,3:30 PM,Sat,Cincinnati,63,,Kennesaw State,10,
105,3,Sep 10 2022,3:30 PM,Sat,(5) Clemson,35,,Furman,12,
106,3,Sep 10 2022,6:00 PM,Sat,Coastal Carolina,31,,Gardner-Webb,27,
107,3,Sep 10 2022,12:00 PM,Sat,Duke,31,@,Northwestern,23,
108,3,Sep 10 2022,6:00 PM,Sat,East Carolina,39,,Old Dominion,21,
109,3,Sep 10 2022,4:00 PM,Sat,Eastern Kentucky,59,@,Bowling Green,57,
110,3,Sep 10 2022,6:00 PM,Sat,Florida Atlantic,42,,Southeastern Louisiana,9,
111,3,Sep 10 2022,4:00 PM,Sat,(2) Georgia,33,,Samford,0,
112,3,Sep 10 2022,7:30 PM,Sat,Georgia Southern,45,@,Nebraska,42,
113,3,Sep 10 2022,7:00 PM,Sat,Georgia Tech,35,,Western Carolina,17,
114,3,Sep 10 2022,6:00 PM,Sat,Holy Cross,37,@,Buffalo,31,
115,3,Sep 10 2022,4:00 PM,Sat,Illinois,24,,Virginia,3,
116,3,Sep 10 2022,5:30 PM,Sat,Incarnate Word,55,@,Nevada,41,
117,3,Sep 10 2022,8:00 PM,Sat,Indiana,35,,Idaho,22,
118,3,Sep 10 2022,4:00 PM,Sat,Iowa State,10,@,Iowa,7,
119,3,Sep 10 2022,4:00 PM,Sat,James Madison,63,,Norfolk State,7,
120,3,Sep 10 2022,6:00 PM,Sat,Kansas,55,@,West Virginia,42,
121,3,Sep 10 2022,12:00 PM,Sat,Kansas State,40,,Missouri,12,
122,3,Sep 10 2022,7:00 PM,Sat,(20) Kentucky,26,@,(12) Florida,16,
123,3,Sep 10 2022,6:00 PM,Sat,Liberty,21,,Alabama-Birmingham,14,
124,3,Sep 10 2022,,Sat,Louisiana,49,,Eastern Michigan,21,
125,3,Sep 10 2022,7:30 PM,Sat,Louisiana State,65,,Southern,17,
126,3,Sep 10 2022,7:00 PM,Sat,Louisiana Tech,52,,Stephen F. Austin,17,
127,3,Sep 10 2022,8:00 PM,Sat,Louisiana-Monroe,35,,Nicholls State,7,
128,3,Sep 10 2022,2:30 PM,Sat,Marshall,26,@,(8) Notre Dame,21,
129,3,Sep 10 2022,3:30 PM,Sat,Maryland,56,@,Charlotte,21,
130,3,Sep 10 2022,3:30 PM,Sat,Memphis,37,@,Navy,13,
131,3,Sep 10 2022,12:00 PM,Sat,(15) Miami (FL),30,,Southern Mississippi,7,
132,3,Sep 10 2022,6:00 PM,Sat,Miami (OH),31,,Robert Morris,14,
133,3,Sep 10 2022,8:00 PM,Sat,(4) Michigan,56,,Hawaii,10,
134,3,Sep 10 2022,4:00 PM,Sat,(14) Michigan State,52,,Akron,0,
135,3,Sep 10 2022,4:00 PM,Sat,Middle Tennessee State,34,@,Colorado State,19,
136,3,Sep 10 2022,12:00 PM,Sat,Minnesota,62,,Western Illinois,10,
137,3,Sep 10 2022,,Sat,(22) Mississippi,59,,Central Arkansas,3,
138,3,Sep 10 2022,11:00 PM,Sat,Mississippi State,39,@,Arizona,17,
139,3,Sep 10 2022,12:00 PM,Sat,North Carolina,35,@,Georgia State,28,
140,3,Sep 10 2022,12:30 PM,Sat,(18) North Carolina State,55,,Charleston Southern,3,
141,3,Sep 10 2022,7:30 PM,Sat,North Texas,59,,Texas Southern,27,
142,3,Sep 10 2022,12:00 PM,Sat,(3) Ohio State,45,,Arkansas State,12,
143,3,Sep 10 2022,7:00 PM,Sat,(7) Oklahoma,33,,Kent State,3,
144,3,Sep 10 2022,7:30 PM,Sat,(11) Oklahoma State,34,,Arizona State,17,
145,3,Sep 10 2022,8:30 PM,Sat,Oregon,70,,Eastern Washington,14,
146,3,Sep 10 2022,10:30 PM,Sat,Oregon State,35,@,Fresno State,32,
147,3,Sep 10 2022,12:00 PM,Sat,Penn State,46,,Ohio,10,
148,3,Sep 10 2022,4:00 PM,Sat,Purdue,56,,Indiana State,0,
149,3,Sep 10 2022,7:30 PM,Sat,Rice,52,,McNeese State,10,
150,3,Sep 10 2022,4:00 PM,Sat,Rutgers,66,,Wagner,7,
151,3,Sep 10 2022,8:00 PM,Sat,San Diego State,38,,Idaho State,7,
152,3,Sep 10 2022,1:00 PM,Sat,South Alabama,38,@,Central Michigan,24,
153,3,Sep 10 2022,7:00 PM,Sat,South Florida,42,,Howard,20,
154,3,Sep 10 2022,7:30 PM,Sat,(10) Southern California,41,@,Stanford,28,
155,3,Sep 10 2022,7:00 PM,Sat,Southern Methodist,45,,Lamar,16,
156,3,Sep 10 2022,7:00 PM,Sat,Syracuse,48,@,Connecticut,14,
157,3,Sep 10 2022,2:00 PM,Sat,Temple,30,,Lafayette,14,
158,3,Sep 10 2022,3:30 PM,Sat,(24) Tennessee,34,@,(17) Pittsburgh,27,
159,3,Sep 10 2022,8:00 PM,Sat,Texas Christian,59,,Tarleton State,17,
160,3,Sep 10 2022,7:00 PM,Sat,Texas State,41,,Florida International,12,
161,3,Sep 10 2022,4:00 PM,Sat,Texas Tech,33,,(25) Houston,30,
162,3,Sep 10 2022,9:00 PM,Sat,Texas-El Paso,20,,New Mexico State,13,
163,3,Sep 10 2022,12:00 PM,Sat,Texas-San Antonio,41,@,Army,38,
164,3,Sep 10 2022,7:00 PM,Sat,Toledo,55,,Massachusetts,10,
165,3,Sep 10 2022,8:00 PM,Sat,Troy,38,,Alabama A&M,17,
166,3,Sep 10 2022,7:00 PM,Sat,Tulane,52,,Alcorn State,0,
167,3,Sep 10 2022,7:00 PM,Sat,Tulsa,38,,Northern Illinois,35,
168,3,Sep 10 2022,5:00 PM,Sat,UCLA,45,,Alabama State,7,
169,3,Sep 10 2022,1:30 PM,Sat,(13) Utah,73,,Southern Utah,7,
170,3,Sep 10 2022,8:00 PM,Sat,Virginia Tech,27,,Boston College,10,
171,3,Sep 10 2022,12:00 PM,Sat,(23) Wake Forest,45,@,Vanderbilt,25,
172,3,Sep 10 2022,4:00 PM,Sat,Washington,52,,Portland State,6,
173,3,Sep 10 2022,3:30 PM,Sat,Washington State,17,@,(19) Wisconsin,14,
174,3,Sep 10 2022,7:00 PM,Sat,Weber State,35,@,Utah State,7,
175,3,Sep 10 2022,2:00 PM,Sat,Western Michigan,37,@,Ball State,30,
176,3,Sep 10 2022,4:00 PM,Sat,Wyoming,33,,Northern Colorado,10,
177,4,Sep 16 2022,7:30 PM,Fri,Florida State,35,@,Louisville,31,
178,4,Sep 16 2022,8:00 PM,Fri,Wyoming,17,,Air Force,14,
179,4,Sep 17 2022,4:00 PM,Sat,(2) Alabama,63,,Louisiana-Monroe,7,
180,4,Sep 17 2022,3:30 PM,Sat,Alabama-Birmingham,35,,Georgia Southern,21,
181,4,Sep 17 2022,3:30 PM,Sat,Appalachian State,32,,Troy,28,
182,4,Sep 17 2022,11:00 PM,Sat,Arizona,31,,North Dakota State,28,
183,4,Sep 17 2022,7:00 PM,Sat,(10) Arkansas,38,,Missouri State,27,
184,4,Sep 17 2022,12:00 PM,Sat,Army,49,,Villanova,10,
185,4,Sep 17 2022,2:00 PM,Sat,Ball State,31,,Murray State,0,
186,4,Sep 17 2022,12:00 PM,Sat,(17) Baylor,42,,Texas State,7,
187,4,Sep 17 2022,4:00 PM,Sat,Boise State,30,,Tennessee-Martin,7,
188,4,Sep 17 2022,7:30 PM,Sat,Boston College,38,,Maine,17,
189,4,Sep 17 2022,5:00 PM,Sat,Bowling Green,34,,Marshall,31,
190,4,Sep 17 2022,7:30 PM,Sat,Central Florida,40,@,Florida Atlantic,14,
191,4,Sep 17 2022,1:00 PM,Sat,Central Michigan,41,,Bucknell,0,
192,4,Sep 17 2022,7:00 PM,Sat,Charlotte,42,@,Georgia State,41,
193,4,Sep 17 2022,12:00 PM,Sat,Cincinnati,38,N,Miami (OH),17,
194,4,Sep 17 2022,8:00 PM,Sat,(5) Clemson,48,,Louisiana Tech,20,
195,4,Sep 17 2022,1:00 PM,Sat,Coastal Carolina,38,,Buffalo,26,
196,4,Sep 17 2022,6:00 PM,Sat,Duke,49,,North Carolina A&T,20,
197,4,Sep 17 2022,6:00 PM,Sat,East Carolina,49,,Campbell,10,
198,4,Sep 17 2022,11:00 PM,Sat,Eastern Michigan,30,@,Arizona State,21,
199,4,Sep 17 2022,7:30 PM,Sat,(18) Florida,31,,South Florida,28,
200,4,Sep 17 2022,12:00 PM,Sat,(1) Georgia,48,@,South Carolina,7,
201,4,Sep 17 2022,12:00 PM,Sat,Indiana,33,,Western Kentucky,30,
202,4,Sep 17 2022,7:30 PM,Sat,Iowa,27,,Nevada,0,
203,4,Sep 17 2022,2:00 PM,Sat,Iowa State,43,,Ohio,10,
204,4,Sep 17 2022,4:00 PM,Sat,Kansas,48,@,Houston,30,
205,4,Sep 17 2022,12:00 PM,Sat,Kent State,63,,Long Island,10,
206,4,Sep 17 2022,12:00 PM,Sat,(9) Kentucky,31,,Youngstown State,0,
207,4,Sep 17 2022,6:00 PM,Sat,Louisiana State,31,,Mississippi State,16,
208,4,Sep 17 2022,7:30 PM,Sat,Maryland,34,,Southern Methodist,27,
209,4,Sep 17 2022,3:30 PM,Sat,Massachusetts,20,,Stony Brook,3,
210,4,Sep 17 2022,7:00 PM,Sat,Memphis,44,,Arkansas State,32,
211,4,Sep 17 2022,12:00 PM,Sat,(4) Michigan,59,,Connecticut,0,
212,4,Sep 17 2022,7:00 PM,Sat,Middle Tennessee State,49,,Tennessee State,6,
213,4,Sep 17 2022,3:30 PM,Sat,Minnesota,49,,Colorado,7,
214,4,Sep 17 2022,3:30 PM,Sat,(20) Mississippi,42,@,Georgia Tech,0,
215,4,Sep 17 2022,12:00 PM,Sat,Missouri,34,,Abilene Christian,17,
216,4,Sep 17 2022,3:00 PM,Sat,Nevada-Las Vegas,58,,North Texas,27,
217,4,Sep 17 2022,8:00 PM,Sat,New Mexico,27,,Texas-El Paso,10,
218,4,Sep 17 2022,7:00 PM,Sat,(16) North Carolina State,27,,Texas Tech,14,
219,4,Sep 17 2022,2:30 PM,Sat,Notre Dame,24,,California,17,
220,4,Sep 17 2022,7:00 PM,Sat,(3) Ohio State,77,,Toledo,21,
221,4,Sep 17 2022,12:00 PM,Sat,(6) Oklahoma,49,@,Nebraska,14,
222,4,Sep 17 2022,7:00 PM,Sat,(8) Oklahoma State,63,,Arkansas-Pine Bluff,7,
223,4,Sep 17 2022,3:30 PM,Sat,(25) Oregon,41,,(12) Brigham Young,20,
224,4,Sep 17 2022,8:00 PM,Sat,Oregon State,68,N,Montana State,28,
225,4,Sep 17 2022,3:30 PM,Sat,(22) Penn State,41,@,Auburn,12,
226,4,Sep 17 2022,7:30 PM,Sat,(23) Pittsburgh,34,@,Western Michigan,13,
227,4,Sep 17 2022,7:30 PM,Sat,Rice,33,,Louisiana,21,
228,4,Sep 17 2022,2:00 PM,Sat,Rutgers,16,@,Temple,14,
229,4,Sep 17 2022,10:30 PM,Sat,(7) Southern California,45,,Fresno State,17,
230,4,Sep 17 2022,12:00 PM,Sat,Southern Illinois,31,@,Northwestern,24,
231,4,Sep 17 2022,7:00 PM,Sat,Southern Mississippi,64,,Northwestern State,10,
232,4,Sep 17 2022,12:00 PM,Sat,Syracuse,32,,Purdue,29,
233,4,Sep 17 2022,7:00 PM,Sat,(15) Tennessee,63,,Akron,6,
234,4,Sep 17 2022,8:00 PM,Sat,(21) Texas,41,,Texas-San Antonio,20,
235,4,Sep 17 2022,9:00 PM,Sat,(24) Texas A&M,17,,(13) Miami (FL),9,
236,4,Sep 17 2022,3:00 PM,Sat,Tulane,17,@,Kansas State,10,
237,4,Sep 17 2022,7:00 PM,Sat,Tulsa,54,,Jacksonville State,17,
238,4,Sep 17 2022,2:00 PM,Sat,UCLA,32,,South Alabama,31,
239,4,Sep 17 2022,10:00 PM,Sat,(14) Utah,35,,San Diego State,7,
240,4,Sep 17 2022,3:30 PM,Sat,Vanderbilt,38,@,Northern Illinois,28,
241,4,Sep 17 2022,2:00 PM,Sat,Virginia,16,,Old Dominion,14,
242,4,Sep 17 2022,11:00 AM,Sat,Virginia Tech,27,,Wofford,7,
243,4,Sep 17 2022,5:00 PM,Sat,(19) Wake Forest,37,,Liberty,36,
244,4,Sep 17 2022,7:30 PM,Sat,Washington,39,,(11) Michigan State,28,
245,4,Sep 17 2022,5:00 PM,Sat,Washington State,38,,Colorado State,7,
246,4,Sep 17 2022,1:00 PM,Sat,West Virginia,65,,Towson,7,
247,4,Sep 17 2022,3:30 PM,Sat,Wisconsin,66,,New Mexico State,7,
248,4,Sep 18 2022,12:00 AM,Sun,Hawaii,24,,Duquesne,14,
249,5,Sep 22 2022,7:30 PM,Thu,Coastal Carolina,41,@,Georgia State,24,
250,5,Sep 22 2022,8:30 PM,Thu,Illinois,31,,Chattanooga,0,
251,5,Sep 22 2022,7:30 PM,Thu,West Virginia,33,@,Virginia Tech,10,
252,5,Sep 23 2022,8:00 PM,Fri,Air Force,48,,Nevada,20,
253,5,Sep 23 2022,7:00 PM,Fri,Syracuse,22,,Virginia,20,
254,5,Sep 23 2022,9:00 PM,Fri,Texas-El Paso,27,,Boise State,10,
255,5,Sep 24 2022,7:30 PM,Sat,(2) Alabama,55,,Vanderbilt,3,
256,5,Sep 24 2022,12:00 PM,Sat,Auburn,17,,Missouri,14,
257,5,Sep 24 2022,12:00 PM,Sat,(17) Baylor,31,@,Iowa State,24,
258,5,Sep 24 2022,10:15 PM,Sat,(19) Brigham Young,38,,Wyoming,24,
259,5,Sep 24 2022,12:00 PM,Sat,Buffalo,50,@,Eastern Michigan,31,
260,5,Sep 24 2022,5:30 PM,Sat,California,49,,Arizona,31,
261,5,Sep 24 2022,4:00 PM,Sat,Central Florida,27,,Georgia Tech,10,
262,5,Sep 24 2022,3:30 PM,Sat,Cincinnati,45,,Indiana,24,
263,5,Sep 24 2022,12:00 PM,Sat,(5) Clemson,51,@,(21) Wake Forest,45,
264,5,Sep 24 2022,8:00 PM,Sat,Florida State,44,,Boston College,14,
265,5,Sep 24 2022,12:00 PM,Sat,(1) Georgia,39,,Kent State,22,
266,5,Sep 24 2022,6:00 PM,Sat,Georgia Southern,34,,Ball State,23,
267,5,Sep 24 2022,6:00 PM,Sat,Houston,34,,Rice,27,
268,5,Sep 24 2022,7:00 PM,Sat,Iowa,27,@,Rutgers,10,
269,5,Sep 24 2022,3:30 PM,Sat,James Madison,32,@,Appalachian State,28,
270,5,Sep 24 2022,12:00 PM,Sat,Kansas,35,,Duke,27,
271,5,Sep 24 2022,8:00 PM,Sat,Kansas State,41,@,(6) Oklahoma,34,
272,5,Sep 24 2022,7:00 PM,Sat,(8) Kentucky,31,,Northern Illinois,23,
273,5,Sep 24 2022,6:00 PM,Sat,Liberty,21,,Akron,12,
274,5,Sep 24 2022,7:30 PM,Sat,Louisiana State,38,,New Mexico,0,
275,5,Sep 24 2022,8:00 PM,Sat,Louisiana-Monroe,21,,Louisiana,17,
276,5,Sep 24 2022,12:00 PM,Sat,Louisville,41,,South Florida,3,
277,5,Sep 24 2022,3:30 PM,Sat,Memphis,44,,North Texas,34,
278,5,Sep 24 2022,7:30 PM,Sat,Miami (OH),17,@,Northwestern,14,
279,5,Sep 24 2022,12:00 PM,Sat,(4) Michigan,34,,Maryland,27,
280,5,Sep 24 2022,3:30 PM,Sat,Middle Tennessee State,45,@,(25) Miami (FL),31,
281,5,Sep 24 2022,3:30 PM,Sat,Minnesota,34,@,Michigan State,7,
282,5,Sep 24 2022,4:00 PM,Sat,(16) Mississippi,35,,Tulsa,27,
283,5,Sep 24 2022,12:00 PM,Sat,Mississippi State,45,,Bowling Green,14,
284,5,Sep 24 2022,6:00 PM,Sat,Navy,23,@,East Carolina,20,
285,5,Sep 24 2022,7:00 PM,Sat,Nevada-Las Vegas,34,@,Utah State,24,
286,5,Sep 24 2022,8:00 PM,Sat,New Mexico State,45,,Hawaii,26,
287,5,Sep 24 2022,7:30 PM,Sat,(12) North Carolina State,41,,Connecticut,10,
288,5,Sep 24 2022,3:30 PM,Sat,Notre Dame,45,@,North Carolina,32,
289,5,Sep 24 2022,2:00 PM,Sat,Ohio,59,,Fordham,52,
290,5,Sep 24 2022,7:30 PM,Sat,(3) Ohio State,52,,Wisconsin,21,
291,5,Sep 24 2022,6:00 PM,Sat,Old Dominion,29,,Arkansas State,26,
292,5,Sep 24 2022,4:00 PM,Sat,(15) Oregon,44,@,Washington State,41,
293,5,Sep 24 2022,12:00 PM,Sat,(14) Penn State,33,,Central Michigan,14,
294,5,Sep 24 2022,12:00 PM,Sat,(24) Pittsburgh,45,,Rhode Island,24,
295,5,Sep 24 2022,7:30 PM,Sat,Purdue,28,,Florida Atlantic,26,
296,5,Sep 24 2022,4:00 PM,Sat,Sacramento State,41,@,Colorado State,10,
297,5,Sep 24 2022,3:30 PM,Sat,San Diego State,17,,Toledo,14,
298,5,Sep 24 2022,10:30 PM,Sat,San Jose State,34,,Western Michigan,6,
299,5,Sep 24 2022,7:00 PM,Sat,South Alabama,38,,Louisiana Tech,14,
300,5,Sep 24 2022,7:30 PM,Sat,South Carolina,56,,Charlotte,20,
301,5,Sep 24 2022,9:30 PM,Sat,(7) Southern California,17,@,Oregon State,14,
302,5,Sep 24 2022,7:00 PM,Sat,Southern Mississippi,27,@,Tulane,24,
303,5,Sep 24 2022,2:00 PM,Sat,Temple,28,,Massachusetts,0,
304,5,Sep 24 2022,3:30 PM,Sat,(11) Tennessee,38,,(20) Florida,33,
305,5,Sep 24 2022,7:00 PM,Sat,(23) Texas A&M,23,N,(10) Arkansas,21,
306,5,Sep 24 2022,12:00 PM,Sat,Texas Christian,42,@,Southern Methodist,34,
307,5,Sep 24 2022,7:00 PM,Sat,Texas State,34,,Houston Baptist,0,
308,5,Sep 24 2022,3:30 PM,Sat,Texas Tech,37,,(22) Texas,34,
309,5,Sep 24 2022,3:30 PM,Sat,Texas-San Antonio,52,,Texas Southern,24,
310,5,Sep 24 2022,7:00 PM,Sat,Troy,16,,Marshall,7,
311,5,Sep 24 2022,2:00 PM,Sat,UCLA,45,@,Colorado,17,
312,5,Sep 24 2022,10:30 PM,Sat,(13) Utah,34,@,Arizona State,13,
313,5,Sep 24 2022,10:30 PM,Sat,(18) Washington,40,,Stanford,22,
314,5,Sep 24 2022,3:30 PM,Sat,Western Kentucky,73,,Florida International,0,
315,6,Sep 29 2022,8:00 PM,Thu,(19) Brigham Young,38,,Utah State,26,
316,6,Sep 29 2022,7:00 PM,Thu,South Carolina,50,,South Carolina State,10,
317,6,Sep 30 2022,8:00 PM,Fri,Boise State,35,,San Diego State,13,
318,6,Sep 30 2022,11:00 PM,Fri,Nevada-Las Vegas,31,,New Mexico,20,
319,6,Sep 30 2022,7:30 PM,Fri,Texas-San Antonio,45,@,Middle Tennessee State,30,
320,6,Sep 30 2022,7:00 PM,Fri,Tulane,27,@,Houston,24,
321,6,Sep 30 2022,10:30 PM,Fri,UCLA,40,,(15) Washington,32,
322,6,Oct 1 2022,12:00 PM,Sat,Air Force,13,,Navy,10,
323,6,Oct 1 2022,3:30 PM,Sat,(2) Alabama,49,@,(20) Arkansas,26,
324,6,Oct 1 2022,3:30 PM,Sat,Appalachian State,49,,Citadel,0,
325,6,Oct 1 2022,9:30 PM,Sat,Arizona,43,,Colorado,20,
326,6,Oct 1 2022,7:00 PM,Sat,Arkansas State,45,,Louisiana-Monroe,28,
327,6,Oct 1 2022,2:00 PM,Sat,Ball State,44,,Northern Illinois,38,
328,6,Oct 1 2022,12:00 PM,Sat,Boston College,34,,Louisville,33,
329,6,Oct 1 2022,3:30 PM,Sat,Bowling Green,31,@,Akron,28,
330,6,Oct 1 2022,3:30 PM,Sat,Buffalo,24,,Miami (OH),20,
331,6,Oct 1 2022,7:00 PM,Sat,Cincinnati,31,@,Tulsa,21,
332,6,Oct 1 2022,7:30 PM,Sat,(5) Clemson,30,,(10) North Carolina State,20,
333,6,Oct 1 2022,7:00 PM,Sat,Coastal Carolina,34,,Georgia Southern,30,
334,6,Oct 1 2022,3:30 PM,Sat,Connecticut,19,,Fresno State,14,
335,6,Oct 1 2022,7:30 PM,Sat,Duke,38,,Virginia,17,
336,6,Oct 1 2022,2:30 PM,Sat,East Carolina,48,N,South Florida,28,
337,6,Oct 1 2022,2:00 PM,Sat,Eastern Michigan,20,,Massachusetts,13,
338,6,Oct 1 2022,8:00 PM,Sat,Florida International,21,@,New Mexico State,7,
339,6,Oct 1 2022,7:30 PM,Sat,(1) Georgia,26,@,Missouri,22,
340,6,Oct 1 2022,12:00 PM,Sat,Georgia State,31,@,Army,14,
341,6,Oct 1 2022,8:00 PM,Sat,Georgia Tech,26,@,(24) Pittsburgh,21,
342,6,Oct 1 2022,12:00 PM,Sat,Illinois,34,@,Wisconsin,10,
343,6,Oct 1 2022,1:30 PM,Sat,James Madison,40,,Texas State,13,
344,6,Oct 1 2022,3:30 PM,Sat,Kansas,14,,Iowa State,11,
345,6,Oct 1 2022,12:00 PM,Sat,(25) Kansas State,37,,Texas Tech,28,
346,6,Oct 1 2022,3:30 PM,Sat,Kent State,31,,Ohio,24,
347,6,Oct 1 2022,6:00 PM,Sat,Liberty,38,@,Old Dominion,24,
348,6,Oct 1 2022,7:00 PM,Sat,Louisiana State,21,@,Auburn,17,
349,6,Oct 1 2022,3:30 PM,Sat,Marshall,28,,Gardner-Webb,7,
350,6,Oct 1 2022,3:30 PM,Sat,Maryland,27,,Michigan State,13,
351,6,Oct 1 2022,12:00 PM,Sat,Memphis,24,,Temple,3,
352,6,Oct 1 2022,12:00 PM,Sat,(4) Michigan,27,@,Iowa,14,
353,6,Oct 1 2022,12:00 PM,Sat,(14) Mississippi,22,,(7) Kentucky,19,
354,6,Oct 1 2022,4:00 PM,Sat,Mississippi State,42,,(17) Texas A&M,24,
355,6,Oct 1 2022,7:30 PM,Sat,Nebraska,35,,Indiana,21,
356,6,Oct 1 2022,3:30 PM,Sat,North Carolina,41,,Virginia Tech,10,
357,6,Oct 1 2022,4:00 PM,Sat,North Texas,45,,Florida Atlantic,28,
358,6,Oct 1 2022,3:30 PM,Sat,(3) Ohio State,49,,Rutgers,10,
359,6,Oct 1 2022,3:30 PM,Sat,(9) Oklahoma State,36,@,(16) Baylor,25,
360,6,Oct 1 2022,11:00 PM,Sat,(13) Oregon,45,,Stanford,27,
361,6,Oct 1 2022,3:30 PM,Sat,(11) Penn State,17,,Northwestern,7,
362,6,Oct 1 2022,12:00 PM,Sat,Purdue,20,@,(21) Minnesota,10,
363,6,Oct 1 2022,7:30 PM,Sat,Rice,28,,Alabama-Birmingham,24,
364,6,Oct 1 2022,7:30 PM,Sat,San Jose State,33,@,Wyoming,16,
365,6,Oct 1 2022,5:00 PM,Sat,South Alabama,20,@,Louisiana,17,
366,6,Oct 1 2022,10:30 PM,Sat,(6) Southern California,42,,Arizona State,25,
367,6,Oct 1 2022,5:00 PM,Sat,Syracuse,59,,Wagner,0,
368,6,Oct 1 2022,7:30 PM,Sat,Texas,38,,West Virginia,20,
369,6,Oct 1 2022,12:00 PM,Sat,Texas Christian,55,,(18) Oklahoma,24,
370,6,Oct 1 2022,6:00 PM,Sat,Texas-El Paso,41,@,Charlotte,35,
371,6,Oct 1 2022,3:30 PM,Sat,Toledo,38,,Central Michigan,17,
372,6,Oct 1 2022,7:00 PM,Sat,Troy,34,@,Western Kentucky,27,
373,6,Oct 1 2022,2:00 PM,Sat,(12) Utah,42,,Oregon State,16,
374,6,Oct 1 2022,3:30 PM,Sat,(22) Wake Forest,31,@,(23) Florida State,21,
375,6,Oct 1 2022,5:30 PM,Sat,Washington State,28,,California,9,
376,6,Oct 1 2022,6:00 PM,Sat,Western Michigan,44,,New Hampshire,7,
377,6,Oct 2 2022,12:00 PM,Sun,Florida,52,,Eastern Washington,17,
378,7,Oct 5 2022,7:00 PM,Wed,Southern Methodist,,@,Central Florida,,
379,7,Oct 7 2022,10:30 PM,Fri,Colorado State,,@,Nevada,,
380,7,Oct 7 2022,7:30 PM,Fri,Houston,,@,Memphis,,
381,7,Oct 7 2022,7:00 PM,Fri,Nebraska,,@,Rutgers,,
382,7,Oct 7 2022,10:30 PM,Fri,Nevada-Las Vegas,,@,San Jose State,,
383,7,Oct 8 2022,7:00 PM,Sat,Air Force,,@,Utah State,,
384,7,Oct 8 2022,2:00 PM,Sat,Akron,,@,Ohio,,
385,7,Oct 8 2022,7:00 PM,Sat,Appalachian State,,@,Texas State,,
386,7,Oct 8 2022,12:00 PM,Sat,Arkansas,,@,(23) Mississippi State,,
387,7,Oct 8 2022,7:30 PM,Sat,Army,,@,(15) Wake Forest,,
388,7,Oct 8 2022,3:30 PM,Sat,Auburn,,@,(2) Georgia,,
389,7,Oct 8 2022,3:30 PM,Sat,Ball State,,@,Central Michigan,,
390,7,Oct 8 2022,12:00 PM,Sat,Buffalo,,@,Bowling Green,,
391,7,Oct 8 2022,7:30 PM,Sat,(5) Clemson,,@,Boston College,,
392,7,Oct 8 2022,8:00 PM,Sat,Coastal Carolina,,@,Louisiana-Monroe,,
393,7,Oct 8 2022,7:00 PM,Sat,Connecticut,,@,Florida International,,
394,7,Oct 8 2022,4:00 PM,Sat,Duke,,@,Georgia Tech,,
395,7,Oct 8 2022,3:30 PM,Sat,East Carolina,,@,Tulane,,
396,7,Oct 8 2022,12:00 PM,Sat,Eastern Michigan,,@,Western Michigan,,
397,7,Oct 8 2022,8:00 PM,Sat,Florida State,,@,(14) North Carolina State,,
398,7,Oct 8 2022,9:45 PM,Sat,Fresno State,,@,Boise State,,
399,7,Oct 8 2022,2:00 PM,Sat,Georgia Southern,,@,Georgia State,,
400,7,Oct 8 2022,10:30 PM,Sat,Hawaii,,@,San Diego State,,
401,7,Oct 8 2022,7:30 PM,Sat,Iowa,,@,Illinois,,
402,7,Oct 8 2022,7:00 PM,Sat,James Madison,,@,Arkansas State,,
403,7,Oct 8 2022,7:30 PM,Sat,(20) Kansas State,,@,Iowa State,,
404,7,Oct 8 2022,3:30 PM,Sat,Kent State,,@,Miami (OH),,
405,7,Oct 8 2022,3:30 PM,Sat,Liberty,,@,Massachusetts,,
406,7,Oct 8 2022,12:00 PM,Sat,Louisville,,@,Virginia,,
407,7,Oct 8 2022,12:00 PM,Sat,(4) Michigan,,@,Indiana,,
408,7,Oct 8 2022,3:30 PM,Sat,Middle Tennessee State,,@,Alabama-Birmingham,,
409,7,Oct 8 2022,4:00 PM,Sat,(9) Mississippi,,@,Vanderbilt,,
410,7,Oct 8 2022,12:00 PM,Sat,Missouri,,@,Florida,,
411,7,Oct 8 2022,4:00 PM,Sat,North Carolina,,@,Miami (FL),,
412,7,Oct 8 2022,7:30 PM,Sat,Notre Dame,,N,(16) Brigham Young,,
413,7,Oct 8 2022,4:00 PM,Sat,(3) Ohio State,,@,Michigan State,,
414,7,Oct 8 2022,8:00 PM,Sat,(12) Oregon,,@,Arizona,,
415,7,Oct 8 2022,11:00 PM,Sat,Oregon State,,@,Stanford,,
416,7,Oct 8 2022,12:00 PM,Sat,Purdue,,@,Maryland,,
417,7,Oct 8 2022,7:30 PM,Sat,South Carolina,,@,(13) Kentucky,,
418,7,Oct 8 2022,2:30 PM,Sat,South Florida,,@,(24) Cincinnati,,
419,7,Oct 8 2022,7:00 PM,Sat,Southern Mississippi,,@,Troy,,
420,7,Oct 8 2022,12:00 PM,Sat,(8) Tennessee,,@,(25) Louisiana State,,
421,7,Oct 8 2022,12:00 PM,Sat,Texas,,N,Oklahoma,,
422,7,Oct 8 2022,8:00 PM,Sat,Texas A&M,,@,(1) Alabama,,
423,7,Oct 8 2022,12:00 PM,Sat,(17) Texas Christian,,@,(19) Kansas,,
424,7,Oct 8 2022,3:30 PM,Sat,Texas Tech,,@,(7) Oklahoma State,,
425,7,Oct 8 2022,7:00 PM,Sat,Texas-El Paso,,@,Louisiana Tech,,
426,7,Oct 8 2022,3:30 PM,Sat,Toledo,,@,Northern Illinois,,
427,7,Oct 8 2022,3:30 PM,Sat,Tulsa,,@,Navy,,
428,7,Oct 8 2022,3:30 PM,Sat,(11) Utah,,@,(18) UCLA,,
429,7,Oct 8 2022,3:30 PM,Sat,Virginia Tech,,@,Pittsburgh,,
430,7,Oct 8 2022,4:00 PM,Sat,(21) Washington,,@,Arizona State,,
431,7,Oct 8 2022,7:30 PM,Sat,Washington State,,@,(6) Southern California,,
432,7,Oct 8 2022,6:00 PM,Sat,Western Kentucky,,@,Texas-San Antonio,,
433,7,Oct 8 2022,3:30 PM,Sat,Wisconsin,,@,Northwestern,,
434,7,Oct 8 2022,7:00 PM,Sat,Wyoming,,@,New Mexico,,
435,8,Oct 12 2022,7:30 PM,Wed,Louisiana,,@,Marshall,,
436,8,Oct 13 2022,7:00 PM,Thu,Baylor,,@,West Virginia,,
437,8,Oct 13 2022,7:00 PM,Thu,Temple,,@,Central Florida,,
438,8,Oct 14 2022,7:30 PM,Fri,Navy,,@,Southern Methodist,,
439,8,Oct 14 2022,8:00 PM,Fri,Texas-San Antonio,,@,Florida International,,
440,8,Oct 15 2022,9:30 PM,Sat,Air Force,,@,Nevada-Las Vegas,,
441,8,Oct 15 2022,TBD,Sat,(1) Alabama,,@,(8) Tennessee,,
442,8,Oct 15 2022,TBD,Sat,Arizona,,@,(21) Washington,,
443,8,Oct 15 2022,TBD,Sat,Arkansas,,@,(16) Brigham Young,,
444,8,Oct 15 2022,7:00 PM,Sat,Arkansas State,,@,Southern Mississippi,,
445,8,Oct 15 2022,TBD,Sat,Auburn,,@,(9) Mississippi,,
446,8,Oct 15 2022,1:00 PM,Sat,Buffalo,,@,Massachusetts,,
447,8,Oct 15 2022,TBD,Sat,California,,@,Colorado,,
448,8,Oct 15 2022,TBD,Sat,Central Michigan,,@,Akron,,
449,8,Oct 15 2022,3:30 PM,Sat,Charlotte,,@,Alabama-Birmingham,,
450,8,Oct 15 2022,TBD,Sat,(5) Clemson,,@,Florida State,,
451,8,Oct 15 2022,12:00 PM,Sat,Colgate,,@,Army,,
452,8,Oct 15 2022,TBD,Sat,Connecticut,,@,Ball State,,
453,8,Oct 15 2022,3:30 PM,Sat,Gardner-Webb,,@,Liberty,,
454,8,Oct 15 2022,TBD,Sat,Iowa State,,@,Texas,,
455,8,Oct 15 2022,4:00 PM,Sat,James Madison,,@,Georgia Southern,,
456,8,Oct 15 2022,TBD,Sat,(19) Kansas,,@,Oklahoma,,
457,8,Oct 15 2022,TBD,Sat,Kent State,,@,Toledo,,
458,8,Oct 15 2022,7:00 PM,Sat,(25) Louisiana State,,@,Florida,,
459,8,Oct 15 2022,4:00 PM,Sat,Louisiana Tech,,@,North Texas,,
460,8,Oct 15 2022,TBD,Sat,Louisiana-Monroe,,@,South Alabama,,
461,8,Oct 15 2022,TBD,Sat,Maryland,,@,Indiana,,
462,8,Oct 15 2022,TBD,Sat,Memphis,,@,East Carolina,,
463,8,Oct 15 2022,TBD,Sat,Miami (FL),,@,Virginia Tech,,
464,8,Oct 15 2022,TBD,Sat,Miami (OH),,@,Bowling Green,,
465,8,Oct 15 2022,12:00 PM,Sat,Minnesota,,@,Illinois,,
466,8,Oct 15 2022,TBD,Sat,(23) Mississippi State,,@,(13) Kentucky,,
467,8,Oct 15 2022,TBD,Sat,Nebraska,,@,Purdue,,
468,8,Oct 15 2022,TBD,Sat,New Mexico,,@,New Mexico State,,
469,8,Oct 15 2022,TBD,Sat,North Carolina,,@,Duke,,
470,8,Oct 15 2022,TBD,Sat,(14) North Carolina State,,@,(22) Syracuse,,
471,8,Oct 15 2022,TBD,Sat,Northern Illinois,,@,Eastern Michigan,,
472,8,Oct 15 2022,3:30 PM,Sat,Ohio,,@,Western Michigan,,
473,8,Oct 15 2022,TBD,Sat,(7) Oklahoma State,,@,(17) Texas Christian,,
474,8,Oct 15 2022,TBD,Sat,Old Dominion,,@,Coastal Carolina,,
475,8,Oct 15 2022,TBD,Sat,(10) Penn State,,@,(4) Michigan,,
476,8,Oct 15 2022,6:00 PM,Sat,Rice,,@,Florida Atlantic,,
477,8,Oct 15 2022,TBD,Sat,San Jose State,,@,Fresno State,,
478,8,Oct 15 2022,TBD,Sat,(6) Southern California,,@,(11) Utah,,
479,8,Oct 15 2022,7:30 PM,Sat,Stanford,,@,Notre Dame,,
480,8,Oct 15 2022,3:30 PM,Sat,Texas State,,@,Troy,,
481,8,Oct 15 2022,TBD,Sat,Tulane,,@,South Florida,,
482,8,Oct 15 2022,7:00 PM,Sat,Utah State,,@,Colorado State,,
483,8,Oct 15 2022,TBD,Sat,Vanderbilt,,@,(2) Georgia,,
484,8,Oct 15 2022,TBD,Sat,Washington State,,@,Oregon State,,
485,8,Oct 15 2022,3:30 PM,Sat,Western Kentucky,,@,Middle Tennessee State,,
486,8,Oct 15 2022,TBD,Sat,Wisconsin,,@,Michigan State,,
487,8,Oct 16 2022,12:00 AM,Sun,Nevada,,@,Hawaii,,
488,9,Oct 19 2022,7:30 PM,Wed,Georgia State,,@,Appalachian State,,
489,9,Oct 20 2022,7:30 PM,Thu,Troy,,@,South Alabama,,
490,9,Oct 20 2022,7:30 PM,Thu,Virginia,,@,Georgia Tech,,
491,9,Oct 21 2022,8:00 PM,Fri,Alabama-Birmingham,,@,Western Kentucky,,
492,9,Oct 21 2022,7:30 PM,Fri,Tulsa,,@,Temple,,
493,9,Oct 22 2022,TBD,Sat,Akron,,@,Kent State,,
494,9,Oct 22 2022,TBD,Sat,Arizona State,,@,Stanford,,
495,9,Oct 22 2022,TBD,Sat,Arkansas State,,@,Louisiana,,
496,9,Oct 22 2022,7:00 PM,Sat,Boise State,,@,Air Force,,
497,9,Oct 22 2022,TBD,Sat,Boston College,,@,(15) Wake Forest,,
498,9,Oct 22 2022,TBD,Sat,Bowling Green,,@,Central Michigan,,
499,9,Oct 22 2022,TBD,Sat,(16) Brigham Young,,@,Liberty,,
500,9,Oct 22 2022,TBD,Sat,Central Florida,,@,East Carolina,,
501,9,Oct 22 2022,TBD,Sat,(24) Cincinnati,,@,Southern Methodist,,
502,9,Oct 22 2022,TBD,Sat,Colorado,,@,Oregon State,,
503,9,Oct 22 2022,TBD,Sat,Duke,,@,Miami (FL),,
504,9,Oct 22 2022,2:00 PM,Sat,Eastern Michigan,,@,Ball State,,
505,9,Oct 22 2022,4:00 PM,Sat,Florida Atlantic,,@,Texas-El Paso,,
506,9,Oct 22 2022,3:30 PM,Sat,Florida International,,@,Charlotte,,
507,9,Oct 22 2022,TBD,Sat,Fresno State,,@,New Mexico,,
508,9,Oct 22 2022,TBD,Sat,Georgia Southern,,@,Old Dominion,,
509,9,Oct 22 2022,4:00 PM,Sat,Hawaii,,@,Colorado State,,
510,9,Oct 22 2022,12:00 PM,Sat,Houston,,@,Navy,,
511,9,Oct 22 2022,12:00 PM,Sat,Indiana,,@,Rutgers,,
512,9,Oct 22 2022,TBD,Sat,Iowa,,@,(3) Ohio State,,
513,9,Oct 22 2022,TBD,Sat,(19) Kansas,,@,Baylor,,
514,9,Oct 22 2022,TBD,Sat,(20) Kansas State,,@,(17) Texas Christian,,
515,9,Oct 22 2022,12:00 PM,Sat,Louisiana-Monroe,,@,Army,,
516,9,Oct 22 2022,TBD,Sat,Marshall,,@,James Madison,,
517,9,Oct 22 2022,TBD,Sat,Memphis,,@,Tulane,,
518,9,Oct 22 2022,7:30 PM,Sat,Minnesota,,@,(10) Penn State,,
519,9,Oct 22 2022,TBD,Sat,(9) Mississippi,,@,(25) Louisiana State,,
520,9,Oct 22 2022,TBD,Sat,(23) Mississippi State,,@,(1) Alabama,,
521,9,Oct 22 2022,2:30 PM,Sat,Nevada-Las Vegas,,@,Notre Dame,,
522,9,Oct 22 2022,3:30 PM,Sat,North Texas,,@,Texas-San Antonio,,
523,9,Oct 22 2022,TBD,Sat,Northern Illinois,,@,Ohio,,
524,9,Oct 22 2022,3:30 PM,Sat,Northwestern,,@,Maryland,,
525,9,Oct 22 2022,TBD,Sat,Pittsburgh,,@,Louisville,,
526,9,Oct 22 2022,3:30 PM,Sat,Purdue,,@,Wisconsin,,
527,9,Oct 22 2022,3:00 PM,Sat,Rice,,@,Louisiana Tech,,
528,9,Oct 22 2022,10:30 PM,Sat,San Diego State,,@,Nevada,,
529,9,Oct 22 2022,TBD,Sat,San Jose State,,@,New Mexico State,,
530,9,Oct 22 2022,5:00 PM,Sat,Southern Mississippi,,@,Texas State,,
531,9,Oct 22 2022,TBD,Sat,(22) Syracuse,,@,(5) Clemson,,
532,9,Oct 22 2022,TBD,Sat,Tennessee-Martin,,@,(8) Tennessee,,
533,9,Oct 22 2022,TBD,Sat,Texas,,@,(7) Oklahoma State,,
534,9,Oct 22 2022,TBD,Sat,Texas A&M,,@,South Carolina,,
535,9,Oct 22 2022,TBD,Sat,Toledo,,@,Buffalo,,
536,9,Oct 22 2022,TBD,Sat,(18) UCLA,,@,(12) Oregon,,
537,9,Oct 22 2022,TBD,Sat,Utah State,,@,Wyoming,,
538,9,Oct 22 2022,TBD,Sat,Vanderbilt,,@,Missouri,,
539,9,Oct 22 2022,TBD,Sat,(21) Washington,,@,California,,
540,9,Oct 22 2022,TBD,Sat,West Virginia,,@,Texas Tech,,
541,9,Oct 22 2022,TBD,Sat,Western Michigan,,@,Miami (OH),,
542,10,Oct 27 2022,7:30 PM,Thu,Louisiana,,@,Southern Mississippi,,
543,10,Oct 27 2022,10:00 PM,Thu,(11) Utah,,@,Washington State,,
544,10,Oct 27 2022,7:30 PM,Thu,Virginia Tech,,@,(14) North Carolina State,,
545,10,Oct 28 2022,TBD,Fri,East Carolina,,@,(16) Brigham Young,,
546,10,Oct 28 2022,8:00 PM,Fri,Louisiana Tech,,@,Florida International,,
547,10,Oct 29 2022,7:00 PM,Sat,Alabama-Birmingham,,@,Florida Atlantic,,
548,10,Oct 29 2022,TBD,Sat,Arizona State,,@,Colorado,,
549,10,Oct 29 2022,TBD,Sat,Arkansas,,@,Auburn,,
550,10,Oct 29 2022,TBD,Sat,Baylor,,@,Texas Tech,,
551,10,Oct 29 2022,12:00 PM,Sat,Boston College,,@,Connecticut,,
552,10,Oct 29 2022,2:00 PM,Sat,Charlotte,,@,Rice,,
553,10,Oct 29 2022,TBD,Sat,(24) Cincinnati,,@,Central Florida,,
554,10,Oct 29 2022,TBD,Sat,Coastal Carolina,,@,Marshall,,
555,10,Oct 29 2022,TBD,Sat,Colorado State,,@,Boise State,,
556,10,Oct 29 2022,3:30 PM,Sat,(2) Georgia,,N,Florida,,
557,10,Oct 29 2022,TBD,Sat,Georgia Tech,,@,Florida State,,
558,10,Oct 29 2022,TBD,Sat,Illinois,,@,Nebraska,,
559,10,Oct 29 2022,TBD,Sat,(13) Kentucky,,@,(8) Tennessee,,
560,10,Oct 29 2022,TBD,Sat,Miami (FL),,@,Virginia,,
561,10,Oct 29 2022,TBD,Sat,Miami (OH),,@,Akron,,
562,10,Oct 29 2022,TBD,Sat,Michigan State,,@,(4) Michigan,,
563,10,Oct 29 2022,9:00 PM,Sat,Middle Tennessee State,,@,Texas-El Paso,,
564,10,Oct 29 2022,TBD,Sat,(9) Mississippi,,@,Texas A&M,,
565,10,Oct 29 2022,TBD,Sat,Missouri,,@,South Carolina,,
566,10,Oct 29 2022,10:30 PM,Sat,Nevada,,@,San Jose State,,
567,10,Oct 29 2022,3:30 PM,Sat,New Mexico State,,@,Massachusetts,,
568,10,Oct 29 2022,3:30 PM,Sat,North Texas,,@,Western Kentucky,,
569,10,Oct 29 2022,3:00 PM,Sat,Northwestern,,@,Iowa,,
570,10,Oct 29 2022,TBD,Sat,Notre Dame,,@,(22) Syracuse,,
571,10,Oct 29 2022,TBD,Sat,(3) Ohio State,,@,(10) Penn State,,
572,10,Oct 29 2022,TBD,Sat,Oklahoma,,@,Iowa State,,
573,10,Oct 29 2022,TBD,Sat,(7) Oklahoma State,,@,(20) Kansas State,,
574,10,Oct 29 2022,TBD,Sat,Old Dominion,,@,Georgia State,,
575,10,Oct 29 2022,TBD,Sat,(12) Oregon,,@,California,,
576,10,Oct 29 2022,TBD,Sat,Pittsburgh,,@,North Carolina,,
577,10,Oct 29 2022,TBD,Sat,Robert Morris,,@,Appalachian State,,
578,10,Oct 29 2022,TBD,Sat,Rutgers,,@,Minnesota,,
579,10,Oct 29 2022,TBD,Sat,San Diego State,,@,Fresno State,,
580,10,Oct 29 2022,TBD,Sat,South Alabama,,@,Arkansas State,,
581,10,Oct 29 2022,TBD,Sat,South Florida,,@,Houston,,
582,10,Oct 29 2022,TBD,Sat,(6) Southern California,,@,Arizona,,
583,10,Oct 29 2022,TBD,Sat,Southern Methodist,,@,Tulsa,,
584,10,Oct 29 2022,TBD,Sat,Stanford,,@,(18) UCLA,,
585,10,Oct 29 2022,3:30 PM,Sat,Temple,,@,Navy,,
586,10,Oct 29 2022,TBD,Sat,(17) Texas Christian,,@,West Virginia,,
587,10,Oct 29 2022,TBD,Sat,Toledo,,@,Eastern Michigan,,
588,10,Oct 29 2022,TBD,Sat,(15) Wake Forest,,@,Louisville,,
589,10,Oct 30 2022,12:00 AM,Sun,Wyoming,,@,Hawaii,,
590,11,Nov 1 2022,7:00 PM,Tue,Ball State,,@,Kent State,,
591,11,Nov 1 2022,TBD,Tue,Buffalo,,@,Ohio,,
592,11,Nov 2 2022,7:00 PM,Wed,Central Michigan,,@,Northern Illinois,,
593,11,Nov 2 2022,7:00 PM,Wed,Western Michigan,,@,Bowling Green,,
594,11,Nov 3 2022,7:30 PM,Thu,Appalachian State,,@,Coastal Carolina,,
595,11,Nov 3 2022,7:00 PM,Thu,Texas-El Paso,,@,Rice,,
596,11,Nov 4 2022,7:00 PM,Fri,Duke,,@,Boston College,,
597,11,Nov 4 2022,7:00 PM,Fri,Massachusetts,,@,Connecticut,,
598,11,Nov 4 2022,10:30 PM,Fri,Oregon State,,@,(21) Washington,,
599,11,Nov 5 2022,TBD,Sat,(1) Alabama,,@,(25) Louisiana State,,
600,11,Nov 5 2022,TBD,Sat,Arizona,,@,(11) Utah,,
601,11,Nov 5 2022,11:30 AM,Sat,Army,,N,Air Force,,
602,11,Nov 5 2022,TBD,Sat,Auburn,,@,(23) Mississippi State,,
603,11,Nov 5 2022,TBD,Sat,Baylor,,@,Oklahoma,,
604,11,Nov 5 2022,TBD,Sat,(16) Brigham Young,,@,Boise State,,
605,11,Nov 5 2022,TBD,Sat,California,,@,(6) Southern California,,
606,11,Nov 5 2022,TBD,Sat,Central Florida,,@,Memphis,,
607,11,Nov 5 2022,7:30 PM,Sat,(5) Clemson,,@,Notre Dame,,
608,11,Nov 5 2022,TBD,Sat,Colorado State,,@,San Jose State,,
609,11,Nov 5 2022,TBD,Sat,Florida,,@,Texas A&M,,
610,11,Nov 5 2022,4:00 PM,Sat,Florida International,,@,North Texas,,
611,11,Nov 5 2022,TBD,Sat,Florida State,,@,Miami (FL),,
612,11,Nov 5 2022,TBD,Sat,Georgia State,,@,Southern Mississippi,,
613,11,Nov 5 2022,TBD,Sat,Georgia Tech,,@,Virginia Tech,,
614,11,Nov 5 2022,TBD,Sat,Hawaii,,@,Fresno State,,
615,11,Nov 5 2022,TBD,Sat,Houston,,@,Southern Methodist,,
616,11,Nov 5 2022,TBD,Sat,Iowa,,@,Purdue,,
617,11,Nov 5 2022,TBD,Sat,James Madison,,@,Louisville,,
618,11,Nov 5 2022,TBD,Sat,(13) Kentucky,,@,Missouri,,
619,11,Nov 5 2022,TBD,Sat,Liberty,,@,Arkansas,,
620,11,Nov 5 2022,TBD,Sat,Marshall,,@,Old Dominion,,
621,11,Nov 5 2022,TBD,Sat,Maryland,,@,Wisconsin,,
622,11,Nov 5 2022,TBD,Sat,(4) Michigan,,@,Rutgers,,
623,11,Nov 5 2022,TBD,Sat,Michigan State,,@,Illinois,,
624,11,Nov 5 2022,3:00 PM,Sat,Middle Tennessee State,,@,Louisiana Tech,,
625,11,Nov 5 2022,TBD,Sat,Minnesota,,@,Nebraska,,
626,11,Nov 5 2022,TBD,Sat,Navy,,@,(24) Cincinnati,,
627,11,Nov 5 2022,7:00 PM,Sat,Nevada-Las Vegas,,@,San Diego State,,
628,11,Nov 5 2022,3:30 PM,Sat,New Mexico,,@,Utah State,,
629,11,Nov 5 2022,TBD,Sat,North Carolina,,@,Virginia,,
630,11,Nov 5 2022,TBD,Sat,(3) Ohio State,,@,Northwestern,,
631,11,Nov 5 2022,TBD,Sat,(7) Oklahoma State,,@,(19) Kansas,,
632,11,Nov 5 2022,TBD,Sat,(12) Oregon,,@,Colorado,,
633,11,Nov 5 2022,TBD,Sat,(10) Penn State,,@,Indiana,,
634,11,Nov 5 2022,4:00 PM,Sat,South Alabama,,@,Georgia Southern,,
635,11,Nov 5 2022,TBD,Sat,South Carolina,,@,Vanderbilt,,
636,11,Nov 5 2022,TBD,Sat,South Florida,,@,Temple,,
637,11,Nov 5 2022,TBD,Sat,(22) Syracuse,,@,Pittsburgh,,
638,11,Nov 5 2022,TBD,Sat,(8) Tennessee,,@,(2) Georgia,,
639,11,Nov 5 2022,TBD,Sat,Texas,,@,(20) Kansas State,,
640,11,Nov 5 2022,5:00 PM,Sat,Texas State,,@,Louisiana-Monroe,,
641,11,Nov 5 2022,TBD,Sat,Texas Tech,,@,(17) Texas Christian,,
642,11,Nov 5 2022,3:30 PM,Sat,Texas-San Antonio,,@,Alabama-Birmingham,,
643,11,Nov 5 2022,TBD,Sat,Troy,,@,Louisiana,,
644,11,Nov 5 2022,TBD,Sat,Tulane,,@,Tulsa,,
645,11,Nov 5 2022,TBD,Sat,(18) UCLA,,@,Arizona State,,
646,11,Nov 5 2022,TBD,Sat,(15) Wake Forest,,@,(14) North Carolina State,,
647,11,Nov 5 2022,TBD,Sat,Washington State,,@,Stanford,,
648,11,Nov 5 2022,TBD,Sat,West Virginia,,@,Iowa State,,
649,11,Nov 5 2022,12:00 PM,Sat,Western Kentucky,,@,Charlotte,,
650,12,Nov 8 2022,7:00 PM,Tue,Ball State,,@,Toledo,,
651,12,Nov 8 2022,7:00 PM,Tue,Eastern Michigan,,@,Akron,,
652,12,Nov 8 2022,TBD,Tue,Ohio,,@,Miami (OH),,
653,12,Nov 9 2022,7:00 PM,Wed,Buffalo,,@,Central Michigan,,
654,12,Nov 9 2022,7:00 PM,Wed,Kent State,,@,Bowling Green,,
655,12,Nov 9 2022,TBD,Wed,Northern Illinois,,@,Western Michigan,,
656,12,Nov 10 2022,7:30 PM,Thu,Georgia Southern,,@,Louisiana,,
657,12,Nov 10 2022,7:30 PM,Thu,Tulsa,,@,Memphis,,
658,12,Nov 11 2022,9:30 PM,Fri,Colorado,,@,(6) Southern California,,
659,12,Nov 11 2022,TBD,Fri,East Carolina,,@,(24) Cincinnati,,
660,12,Nov 11 2022,10:30 PM,Fri,Fresno State,,@,Nevada-Las Vegas,,
661,12,Nov 12 2022,TBD,Sat,(1) Alabama,,@,(9) Mississippi,,
662,12,Nov 12 2022,TBD,Sat,Appalachian State,,@,Marshall,,
663,12,Nov 12 2022,TBD,Sat,Arizona,,@,(18) UCLA,,
664,12,Nov 12 2022,TBD,Sat,Arizona State,,@,Washington State,,
665,12,Nov 12 2022,3:30 PM,Sat,Army,,@,Troy,,
666,12,Nov 12 2022,10:30 PM,Sat,Boise State,,@,Nevada,,
667,12,Nov 12 2022,TBD,Sat,Boston College,,@,(14) North Carolina State,,
668,12,Nov 12 2022,TBD,Sat,California,,@,Oregon State,,
669,12,Nov 12 2022,TBD,Sat,Central Florida,,@,Tulane,,
670,12,Nov 12 2022,3:30 PM,Sat,Charlotte,,@,Middle Tennessee State,,
671,12,Nov 12 2022,7:00 PM,Sat,Florida Atlantic,,@,Florida International,,
672,12,Nov 12 2022,TBD,Sat,Florida State,,@,(22) Syracuse,,
673,12,Nov 12 2022,TBD,Sat,(2) Georgia,,@,(23) Mississippi State,,
674,12,Nov 12 2022,TBD,Sat,Indiana,,@,(3) Ohio State,,
675,12,Nov 12 2022,TBD,Sat,Iowa State,,@,(7) Oklahoma State,,
676,12,Nov 12 2022,TBD,Sat,James Madison,,@,Old Dominion,,
677,12,Nov 12 2022,TBD,Sat,(19) Kansas,,@,Texas Tech,,
678,12,Nov 12 2022,TBD,Sat,(20) Kansas State,,@,Baylor,,
679,12,Nov 12 2022,TBD,Sat,Lamar,,@,New Mexico State,,
680,12,Nov 12 2022,12:00 PM,Sat,Liberty,,@,Connecticut,,
681,12,Nov 12 2022,TBD,Sat,(25) Louisiana State,,@,Arkansas,,
682,12,Nov 12 2022,3:30 PM,Sat,Louisiana Tech,,@,Texas-San Antonio,,
683,12,Nov 12 2022,TBD,Sat,Louisiana-Monroe,,@,Georgia State,,
684,12,Nov 12 2022,TBD,Sat,Louisville,,@,(5) Clemson,,
685,12,Nov 12 2022,TBD,Sat,Maryland,,@,(10) Penn State,,
686,12,Nov 12 2022,TBD,Sat,Massachusetts,,@,Arkansas State,,
687,12,Nov 12 2022,TBD,Sat,Miami (FL),,@,Georgia Tech,,
688,12,Nov 12 2022,TBD,Sat,Missouri,,@,(8) Tennessee,,
689,12,Nov 12 2022,TBD,Sat,Nebraska,,@,(4) Michigan,,
690,12,Nov 12 2022,3:30 PM,Sat,New Mexico,,@,Air Force,,
691,12,Nov 12 2022,TBD,Sat,North Carolina,,@,(15) Wake Forest,,
692,12,Nov 12 2022,3:30 PM,Sat,North Texas,,@,Alabama-Birmingham,,
693,12,Nov 12 2022,TBD,Sat,Northwestern,,@,Minnesota,,
694,12,Nov 12 2022,12:00 PM,Sat,Notre Dame,,N,Navy,,
695,12,Nov 12 2022,TBD,Sat,Oklahoma,,@,West Virginia,,
696,12,Nov 12 2022,TBD,Sat,Pittsburgh,,@,Virginia,,
697,12,Nov 12 2022,TBD,Sat,Purdue,,@,Illinois,,
698,12,Nov 12 2022,2:00 PM,Sat,Rice,,@,Western Kentucky,,
699,12,Nov 12 2022,TBD,Sat,Rutgers,,@,Michigan State,,
700,12,Nov 12 2022,TBD,Sat,San Jose State,,@,San Diego State,,
701,12,Nov 12 2022,TBD,Sat,South Carolina,,@,Florida,,
702,12,Nov 12 2022,TBD,Sat,Southern Methodist,,@,South Florida,,
703,12,Nov 12 2022,TBD,Sat,Southern Mississippi,,@,Coastal Carolina,,
704,12,Nov 12 2022,TBD,Sat,Stanford,,@,(11) Utah,,
705,12,Nov 12 2022,TBD,Sat,Temple,,@,Houston,,
706,12,Nov 12 2022,TBD,Sat,Texas A&M,,@,Auburn,,
707,12,Nov 12 2022,TBD,Sat,(17) Texas Christian,,@,Texas,,
708,12,Nov 12 2022,TBD,Sat,Texas State,,@,South Alabama,,
709,12,Nov 12 2022,TBD,Sat,Utah State,,@,Hawaii,,
710,12,Nov 12 2022,TBD,Sat,Vanderbilt,,@,(13) Kentucky,,
711,12,Nov 12 2022,TBD,Sat,Virginia Tech,,@,Duke,,
712,12,Nov 12 2022,TBD,Sat,(21) Washington,,@,(12) Oregon,,
713,12,Nov 12 2022,TBD,Sat,Wisconsin,,@,Iowa,,
714,12,Nov 12 2022,7:00 PM,Sat,Wyoming,,@,Colorado State,,
715,13,Nov 15 2022,7:00 PM,Tue,Bowling Green,,@,Toledo,,
716,13,Nov 15 2022,7:00 PM,Tue,Ohio,,@,Ball State,,
717,13,Nov 16 2022,12:00 PM,Wed,Eastern Michigan,,@,Kent State,,
718,13,Nov 16 2022,TBD,Wed,Miami (OH),,@,Northern Illinois,,
719,13,Nov 16 2022,8:00 PM,Wed,Western Michigan,,@,Central Michigan,,
720,13,Nov 17 2022,TBD,Thu,Southern Methodist,,@,Tulane,,
721,13,Nov 18 2022,TBD,Fri,San Diego State,,@,New Mexico,,
722,13,Nov 18 2022,9:00 PM,Fri,South Florida,,@,Tulsa,,
723,13,Nov 19 2022,3:30 PM,Sat,Akron,,@,Buffalo,,
724,13,Nov 19 2022,TBD,Sat,Alabama-Birmingham,,@,(25) Louisiana State,,
725,13,Nov 19 2022,5:00 PM,Sat,Arkansas State,,@,Texas State,,
726,13,Nov 19 2022,12:00 PM,Sat,Austin Peay,,@,(1) Alabama,,
727,13,Nov 19 2022,7:00 PM,Sat,Boise State,,@,Wyoming,,
728,13,Nov 19 2022,2:30 PM,Sat,Boston College,,@,Notre Dame,,
729,13,Nov 19 2022,TBD,Sat,(24) Cincinnati,,@,Temple,,
730,13,Nov 19 2022,TBD,Sat,Coastal Carolina,,@,Virginia,,
731,13,Nov 19 2022,TBD,Sat,Colorado,,@,(21) Washington,,
732,13,Nov 19 2022,TBD,Sat,Colorado State,,@,Air Force,,
733,13,Nov 19 2022,12:00 PM,Sat,Connecticut,,@,Army,,
734,13,Nov 19 2022,TBD,Sat,Duke,,@,Pittsburgh,,
735,13,Nov 19 2022,TBD,Sat,East Tennessee State,,@,(23) Mississippi State,,
736,13,Nov 19 2022,TBD,Sat,Florida,,@,Vanderbilt,,
737,13,Nov 19 2022,3:30 PM,Sat,Florida Atlantic,,@,Middle Tennessee State,,
738,13,Nov 19 2022,4:00 PM,Sat,Florida International,,@,Texas-El Paso,,
739,13,Nov 19 2022,10:30 PM,Sat,Fresno State,,@,Nevada,,
740,13,Nov 19 2022,TBD,Sat,(2) Georgia,,@,(13) Kentucky,,
741,13,Nov 19 2022,TBD,Sat,Georgia State,,@,James Madison,,
742,13,Nov 19 2022,TBD,Sat,Georgia Tech,,@,North Carolina,,
743,13,Nov 19 2022,TBD,Sat,Houston,,@,East Carolina,,
744,13,Nov 19 2022,TBD,Sat,Illinois,,@,(4) Michigan,,
745,13,Nov 19 2022,TBD,Sat,Indiana,,@,Michigan State,,
746,13,Nov 19 2022,TBD,Sat,Iowa,,@,Minnesota,,
747,13,Nov 19 2022,TBD,Sat,(20) Kansas State,,@,West Virginia,,
748,13,Nov 19 2022,TBD,Sat,Louisiana,,@,Florida State,,
749,13,Nov 19 2022,3:30 PM,Sat,Louisiana Tech,,@,Charlotte,,
750,13,Nov 19 2022,3:30 PM,Sat,Louisiana-Monroe,,@,Troy,,
751,13,Nov 19 2022,6:00 PM,Sat,Marshall,,@,Georgia Southern,,
752,13,Nov 19 2022,TBD,Sat,Massachusetts,,@,Texas A&M,,
753,13,Nov 19 2022,TBD,Sat,Miami (FL),,@,(5) Clemson,,
754,13,Nov 19 2022,TBD,Sat,(9) Mississippi,,@,Arkansas,,
755,13,Nov 19 2022,TBD,Sat,Navy,,@,Central Florida,,
756,13,Nov 19 2022,TBD,Sat,Nevada-Las Vegas,,@,Hawaii,,
757,13,Nov 19 2022,TBD,Sat,New Mexico State,,@,Missouri,,
758,13,Nov 19 2022,TBD,Sat,North Alabama,,@,Memphis,,
759,13,Nov 19 2022,TBD,Sat,(14) North Carolina State,,@,Louisville,,
760,13,Nov 19 2022,TBD,Sat,Northwestern,,@,Purdue,,
761,13,Nov 19 2022,TBD,Sat,(3) Ohio State,,@,Maryland,,
762,13,Nov 19 2022,TBD,Sat,(7) Oklahoma State,,@,Oklahoma,,
763,13,Nov 19 2022,TBD,Sat,Old Dominion,,@,Appalachian State,,
764,13,Nov 19 2022,TBD,Sat,Oregon State,,@,Arizona State,,
765,13,Nov 19 2022,TBD,Sat,(10) Penn State,,@,Rutgers,,
766,13,Nov 19 2022,TBD,Sat,San Jose State,,@,Utah State,,
767,13,Nov 19 2022,TBD,Sat,South Alabama,,@,Southern Mississippi,,
768,13,Nov 19 2022,TBD,Sat,(6) Southern California,,@,(18) UCLA,,
769,13,Nov 19 2022,TBD,Sat,Stanford,,@,California,,
770,13,Nov 19 2022,TBD,Sat,(22) Syracuse,,@,(15) Wake Forest,,
771,13,Nov 19 2022,TBD,Sat,(8) Tennessee,,@,South Carolina,,
772,13,Nov 19 2022,TBD,Sat,Texas,,@,(19) Kansas,,
773,13,Nov 19 2022,TBD,Sat,(17) Texas Christian,,@,Baylor,,
774,13,Nov 19 2022,TBD,Sat,Texas Tech,,@,Iowa State,,
775,13,Nov 19 2022,1:00 PM,Sat,Texas-San Antonio,,@,Rice,,
776,13,Nov 19 2022,TBD,Sat,(11) Utah,,@,(12) Oregon,,
777,13,Nov 19 2022,3:30 PM,Sat,Utah Tech,,@,(16) Brigham Young,,
778,13,Nov 19 2022,TBD,Sat,Virginia Tech,,@,Liberty,,
779,13,Nov 19 2022,TBD,Sat,Washington State,,@,Arizona,,
780,13,Nov 19 2022,TBD,Sat,Western Kentucky,,@,Auburn,,
781,13,Nov 19 2022,TBD,Sat,Wisconsin,,@,Nebraska,,
782,14,Nov 22 2022,7:00 PM,Tue,Ball State,,@,Miami (OH),,
783,14,Nov 22 2022,7:00 PM,Tue,Bowling Green,,@,Ohio,,
784,14,Nov 24 2022,7:00 PM,Thu,(23) Mississippi State,,@,(9) Mississippi,,
785,14,Nov 25 2022,3:00 PM,Fri,Arizona State,,@,Arizona,,
786,14,Nov 25 2022,3:30 PM,Fri,Arkansas,,@,Missouri,,
787,14,Nov 25 2022,TBD,Fri,Baylor,,@,Texas,,
788,14,Nov 25 2022,TBD,Fri,Central Florida,,@,South Florida,,
789,14,Nov 25 2022,12:00 PM,Fri,Central Michigan,,@,Eastern Michigan,,
790,14,Nov 25 2022,7:30 PM,Fri,Florida,,@,Florida State,,
791,14,Nov 25 2022,4:00 PM,Fri,Nebraska,,@,Iowa,,
792,14,Nov 25 2022,3:30 PM,Fri,New Mexico,,@,Colorado State,,
793,14,Nov 25 2022,TBD,Fri,(14) North Carolina State,,@,North Carolina,,
794,14,Nov 25 2022,12:00 PM,Fri,Toledo,,@,Western Michigan,,
795,14,Nov 25 2022,4:30 PM,Fri,(18) UCLA,,@,California,,
796,14,Nov 25 2022,12:00 PM,Fri,Utah State,,@,Boise State,,
797,14,Nov 25 2022,10:00 PM,Fri,Wyoming,,@,Fresno State,,
798,14,Nov 26 2022,8:00 PM,Sat,Air Force,,@,San Diego State,,
799,14,Nov 26 2022,TBD,Sat,Akron,,@,Northern Illinois,,
800,14,Nov 26 2022,3:30 PM,Sat,Alabama-Birmingham,,@,Louisiana Tech,,
801,14,Nov 26 2022,6:00 PM,Sat,Appalachian State,,@,Georgia Southern,,
802,14,Nov 26 2022,12:00 PM,Sat,Army,,@,Massachusetts,,
803,14,Nov 26 2022,TBD,Sat,Auburn,,@,(1) Alabama,,
804,14,Nov 26 2022,TBD,Sat,(16) Brigham Young,,@,Stanford,,
805,14,Nov 26 2022,TBD,Sat,Coastal Carolina,,@,James Madison,,
806,14,Nov 26 2022,TBD,Sat,East Carolina,,@,Temple,,
807,14,Nov 26 2022,TBD,Sat,Georgia State,,@,Marshall,,
808,14,Nov 26 2022,TBD,Sat,Georgia Tech,,@,(2) Georgia,,
809,14,Nov 26 2022,TBD,Sat,Hawaii,,@,San Jose State,,
810,14,Nov 26 2022,TBD,Sat,Illinois,,@,Northwestern,,
811,14,Nov 26 2022,TBD,Sat,Iowa State,,@,(17) Texas Christian,,
812,14,Nov 26 2022,TBD,Sat,(19) Kansas,,@,(20) Kansas State,,
813,14,Nov 26 2022,TBD,Sat,Kent State,,@,Buffalo,,
814,14,Nov 26 2022,5:00 PM,Sat,Louisiana,,@,Texas State,,
815,14,Nov 26 2022,TBD,Sat,(25) Louisiana State,,@,Texas A&M,,
816,14,Nov 26 2022,TBD,Sat,Louisville,,@,(13) Kentucky,,
817,14,Nov 26 2022,TBD,Sat,Memphis,,@,Southern Methodist,,
818,14,Nov 26 2022,12:00 PM,Sat,(4) Michigan,,@,(3) Ohio State,,
819,14,Nov 26 2022,TBD,Sat,Michigan State,,@,(10) Penn State,,
820,14,Nov 26 2022,6:00 PM,Sat,Middle Tennessee State,,@,Florida International,,
821,14,Nov 26 2022,TBD,Sat,Minnesota,,@,Wisconsin,,
822,14,Nov 26 2022,TBD,Sat,Nevada,,@,Nevada-Las Vegas,,
823,14,Nov 26 2022,TBD,Sat,New Mexico State,,@,Liberty,,
824,14,Nov 26 2022,TBD,Sat,Notre Dame,,@,(6) Southern California,,
825,14,Nov 26 2022,TBD,Sat,Oklahoma,,@,Texas Tech,,
826,14,Nov 26 2022,TBD,Sat,Old Dominion,,@,South Alabama,,
827,14,Nov 26 2022,TBD,Sat,(12) Oregon,,@,Oregon State,,
828,14,Nov 26 2022,TBD,Sat,Pittsburgh,,@,Miami (FL),,
829,14,Nov 26 2022,TBD,Sat,Purdue,,@,Indiana,,
830,14,Nov 26 2022,2:00 PM,Sat,Rice,,@,North Texas,,
831,14,Nov 26 2022,TBD,Sat,Rutgers,,@,Maryland,,
832,14,Nov 26 2022,TBD,Sat,South Carolina,,@,(5) Clemson,,
833,14,Nov 26 2022,5:00 PM,Sat,Southern Mississippi,,@,Louisiana-Monroe,,
834,14,Nov 26 2022,TBD,Sat,(22) Syracuse,,@,Boston College,,
835,14,Nov 26 2022,TBD,Sat,(8) Tennessee,,@,Vanderbilt,,
836,14,Nov 26 2022,3:30 PM,Sat,Texas-El Paso,,@,Texas-San Antonio,,
837,14,Nov 26 2022,TBD,Sat,Troy,,@,Arkansas State,,
838,14,Nov 26 2022,TBD,Sat,Tulane,,@,(24) Cincinnati,,
839,14,Nov 26 2022,TBD,Sat,Tulsa,,@,Houston,,
840,14,Nov 26 2022,TBD,Sat,(11) Utah,,@,Colorado,,
841,14,Nov 26 2022,TBD,Sat,Virginia,,@,Virginia Tech,,
842,14,Nov 26 2022,TBD,Sat,(15) Wake Forest,,@,Duke,,
843,14,Nov 26 2022,TBD,Sat,(21) Washington,,@,Washington State,,
844,14,Nov 26 2022,TBD,Sat,West Virginia,,@,(7) Oklahoma State,,
845,14,Nov 26 2022,12:00 PM,Sat,Western Kentucky,,@,Florida Atlantic,,
846,15,Dec 10 2022,3:00 PM,Sat,Navy,,N,Army,,